timestamp,latitude,longitude,altitude,temperature,humidity,pressure,light,air_quality,battery_voltage
2026-08-01T08:00:00,24.453887,54.37728,33.56,36.01,43.54,1007.88,23803.3,42.8,4.1
2026-08-01T08:00:02,24.453904,54.37733,33.17,31.37,51.12,1006.69,23834.2,26.5,4.099
2026-08-01T08:00:04,24.453886,54.377307,31.39,31.67,35.03,1007.06,24902.3,33.8,4.098
2026-08-01T08:00:06,24.453882,54.377324,32.49,35.52,51.65,1009.2,22097.1,26.0,4.097
2026-08-01T08:00:08,24.453882,54.377324,28.0,34.01,37.53,1009.55,17568.9,35.4,4.096
2026-08-01T08:00:10,24.45391,54.37731,32.16,36.21,49.95,1006.62,16050.8,38.0,4.095
2026-08-01T08:00:12,24.453916,54.377315,27.17,35.64,40.13,1007.97,23883.4,25.5,4.094
2026-08-01T08:00:14,24.453898,54.377303,33.36,33.83,43.92,1006.3,15292.3,40.9,4.093
2026-08-01T08:00:16,24.453946,54.37735,35.02,33.59,44.59,1009.61,19797.5,26.1,4.092
2026-08-01T08:00:18,24.453943,54.377309,34.87,34.47,52.16,1007.77,16091.2,42.8,4.091
2026-08-01T08:00:20,24.453914,54.377301,31.78,31.75,46.34,1009.86,19184.1,30.7,4.09
2026-08-01T08:00:22,24.453933,54.377315,25.64,31.49,36.32,1008.13,15776.0,26.6,4.089
2026-08-01T08:00:24,24.453942,54.377325,25.79,33.93,51.45,1008.5,16362.1,37.5,4.088
2026-08-01T08:00:26,24.453922,54.377357,27.15,31.39,45.89,1008.77,23506.2,28.6,4.087
2026-08-01T08:00:28,24.453951,54.377353,31.6,32.81,53.0,1007.03,15740.0,34.5,4.086
2026-08-01T08:00:30,24.453957,54.377314,27.1,33.17,41.16,1008.87,21948.0,36.3,4.085
2026-08-01T08:00:32,24.453929,54.377359,25.73,33.64,53.2,1009.45,22724.9,35.9,4.084
2026-08-01T08:00:34,24.453931,54.377343,26.07,34.85,43.35,1010.0,18999.2,35.6,4.083
2026-08-01T08:00:36,24.45394,54.377353,29.16,33.98,37.09,1009.91,22273.1,30.3,4.082
2026-08-01T08:00:38,24.453966,54.377329,35.52,36.01,40.99,1007.46,21191.6,34.4,4.081
2026-08-01T08:00:40,24.453938,54.377359,30.84,34.34,40.3,1007.72,24857.3,29.9,4.08
2026-08-01T08:00:42,24.453949,54.377379,30.45,34.42,39.74,1006.34,20906.1,41.6,4.079
2026-08-01T08:00:44,24.453963,54.377349,30.37,32.08,53.1,1006.81,19716.8,43.4,4.078
2026-08-01T08:00:46,24.453938,54.377388,29.37,31.84,42.07,1008.3,18455.6,33.8,4.077
2026-08-01T08:00:48,24.453944,54.37739,35.21,34.18,48.11,1006.73,15541.8,33.2,4.076
2026-08-01T08:00:50,24.453933,54.377366,27.56,36.31,36.13,1007.83,17860.8,39.7,4.075
2026-08-01T08:00:52,24.453975,54.37738,34.71,32.92,54.0,1008.28,15550.8,27.8,4.074
2026-08-01T08:00:54,24.453939,54.377392,30.17,33.03,52.53,1008.87,16869.6,32.4,4.073
2026-08-01T08:00:56,24.453946,54.377398,26.61,35.47,49.46,1008.28,17269.3,27.2,4.072
2026-08-01T08:00:58,24.453939,54.37737,31.93,36.25,36.11,1009.13,18485.5,27.4,4.071
2026-08-01T08:01:00,24.453956,54.377375,31.48,32.48,46.43,1006.95,23927.4,43.3,4.07
2026-08-01T08:01:02,24.453982,54.377378,28.47,35.98,54.41,1006.24,20509.7,34.6,4.069
2026-08-01T08:01:04,24.453988,54.37737,31.88,32.44,46.18,1008.28,22853.3,29.7,4.068
2026-08-01T08:01:06,24.453991,54.377378,33.82,35.95,39.51,1007.0,23522.7,37.3,4.067
2026-08-01T08:01:08,24.453974,54.377365,31.51,31.48,46.03,1006.13,23467.8,25.0,4.066
2026-08-01T08:01:10,24.453985,54.377374,34.94,32.87,37.49,1008.93,15841.4,27.7,4.065
2026-08-01T08:01:12,24.453953,54.37738,27.86,36.09,43.36,1008.68,17618.5,33.5,4.064
2026-08-01T08:01:14,24.453952,54.377408,28.85,35.15,48.05,1009.29,20154.1,29.1,4.063
2026-08-01T08:01:16,24.453969,54.37739,29.25,34.35,37.23,1008.18,19365.5,33.1,4.062
2026-08-01T08:01:18,24.453973,54.37742,36.12,31.78,49.61,1009.21,20206.7,34.8,4.061
2026-08-01T08:01:20,24.453996,54.377435,31.74,32.63,53.12,1006.24,18712.3,26.0,4.06
2026-08-01T08:01:22,24.453956,54.37743,28.42,36.18,43.72,1009.52,22185.6,26.6,4.059
2026-08-01T08:01:24,24.454008,54.377412,31.04,36.09,38.4,1007.39,17662.8,34.6,4.058
2026-08-01T08:01:26,24.453963,54.377392,34.54,34.27,40.31,1006.28,20123.2,43.3,4.057
2026-08-01T08:01:28,24.453968,54.377413,29.22,35.76,43.96,1009.47,17729.5,26.7,4.056
2026-08-01T08:01:30,24.454015,54.377416,31.1,36.51,40.35,1009.27,20964.4,35.3,4.055
2026-08-01T08:01:32,24.453999,54.377429,31.89,31.66,50.83,1007.34,20333.3,43.7,4.054
2026-08-01T08:01:34,24.454024,54.377405,26.94,36.59,37.04,1008.05,22519.3,39.4,4.053
2026-08-01T08:01:36,24.453983,54.377419,30.37,34.44,39.34,1007.29,24840.8,30.7,4.052
2026-08-01T08:01:38,24.453983,54.377427,31.58,33.75,46.82,1006.1,19886.0,31.8,4.051
2026-08-01T08:01:38,24.454024,54.377405,31.72,37.18,52.49,1007.51,19786.6,26.4,4.05
2026-08-01T08:01:42,24.454012,54.377426,33.97,32.95,44.6,1008.01,21958.6,35.5,4.049
2026-08-01T08:01:44,24.454033,54.377439,31.42,35.94,35.21,1009.09,18734.5,40.5,4.048
2026-08-01T08:01:46,24.454029,54.377436,33.86,37.68,46.98,1007.84,16036.7,36.6,4.047
2026-08-01T08:01:48,24.453986,54.377431,34.17,32.62,49.37,1008.96,15834.6,27.5,4.046
2026-08-01T08:01:50,24.454018,54.377461,35.67,35.57,37.54,1009.14,15041.2,42.6,4.045
2026-08-01T08:01:52,24.453989,54.377424,33.46,36.79,42.4,1007.39,18370.9,25.1,4.044
2026-08-01T08:01:54,24.454036,54.377447,29.72,34.88,54.09,1008.61,24647.7,36.1,4.043
2026-08-01T08:01:56,24.454014,54.377451,27.15,37.46,54.14,1006.25,20666.9,27.2,4.042
2026-08-01T08:01:58,24.453989,54.377444,33.71,33.63,51.16,1008.49,21460.1,35.8,4.041
2026-08-01T08:02:00,24.454016,54.377433,35.21,32.34,342.0,1008.57,23886.5,34.8,4.04
2026-08-01T08:02:02,24.454016,54.377446,30.36,33.82,35.09,1006.1,23255.7,32.5,4.039
2026-08-01T08:02:04,24.454047,54.377445,31.83,36.9,53.19,1006.94,24779.0,37.2,4.038
2026-08-01T08:02:06,24.454047,54.377476,32.58,,,,,,4.037
2026-08-01T08:02:08,24.454051,54.377497,32.5,33.14,46.83,1007.6,20798.4,28.5,4.036
2026-08-01T08:02:10,24.45402,54.377471,27.69,32.07,39.43,1007.08,21505.1,32.5,4.035
2026-08-01T08:02:12,24.454032,54.377477,31.27,34.62,43.12,1006.22,21661.7,27.3,4.034
2026-08-01T08:02:14,24.454056,54.377498,34.09,31.9,50.15,1008.03,21180.2,37.6,4.033
2026-08-01T08:02:16,24.454007,54.377509,33.63,37.24,53.97,1009.45,21320.0,38.6,4.032
2026-08-01T08:02:18,24.454029,54.377499,33.79,32.63,35.1,1009.12,17712.8,41.0,4.031
2026-08-01T08:02:20,24.454021,54.377512,30.65,34.03,43.42,1007.36,23311.1,28.3,4.03
2026-08-01T08:02:22,24.454069,54.377465,35.83,36.42,49.6,1006.11,24553.1,38.5,4.029
2026-08-01T08:02:24,24.45403,54.37749,36.63,32.03,36.13,1009.88,19586.4,43.1,4.028
2026-08-01T08:02:26,24.454055,54.377511,34.16,36.05,42.55,1006.46,17483.1,40.0,4.027
2026-08-01T08:02:28,24.454075,54.377487,37.16,35.46,37.56,1007.03,22098.9,32.8,4.026
2026-08-01T08:02:30,24.454058,54.377516,30.17,35.49,51.06,1008.11,17826.3,42.5,4.025
2026-08-01T08:02:32,24.45403,54.377518,29.26,32.68,40.67,1007.94,17947.1,29.8,4.024
2026-08-01T08:02:34,24.454054,54.377494,33.44,36.7,48.58,1009.51,22390.7,28.4,4.023
2026-08-01T08:02:36,24.454074,54.377488,34.92,36.72,38.71,1008.61,23681.5,44.5,4.022
2026-08-01T08:02:38,24.454069,54.377523,29.49,35.58,37.62,1008.84,21709.9,25.4,4.021
2026-08-01T08:02:40,24.454042,54.377531,30.91,35.07,44.85,1009.7,18410.2,34.0,4.02
2026-08-01T08:02:42,24.454062,54.377543,33.49,36.35,54.35,1007.17,21873.2,36.3,4.019
2026-08-01T08:02:44,24.454084,54.377494,37.47,34.95,42.8,1009.61,19728.3,36.7,4.018
2026-08-01T08:02:46,24.454069,54.377536,31.9,35.94,43.65,1006.4,20426.2,41.9,4.017
2026-08-01T08:02:48,24.454044,54.377551,37.45,33.1,47.94,1007.53,19387.5,30.5,4.016
2026-08-01T08:02:50,24.4541,54.377531,35.29,34.33,44.41,1008.76,18959.9,27.9,4.015
2026-08-01T08:02:52,24.454064,54.377533,37.45,33.75,54.9,1006.35,17668.2,43.0,4.014
2026-08-01T08:02:54,24.454069,54.377551,35.18,35.98,49.43,1006.14,21397.5,30.1,4.013
2026-08-01T08:02:56,24.454084,54.377527,28.36,35.42,43.79,1007.29,24065.3,31.8,4.012
2026-08-01T08:02:58,24.454089,54.37755,36.04,38.08,36.0,1009.99,24287.6,40.0,4.011
2026-08-01T08:03:00,24.454078,54.377547,29.01,32.97,52.05,1008.58,17088.4,41.0,4.01
2026-08-01T08:03:02,24.454101,54.377542,33.15,33.71,35.98,1008.29,20205.1,32.9,4.009
2026-08-01T08:03:04,24.454103,54.37754,36.57,38.07,50.48,1008.93,23797.8,32.3,4.008
2026-08-01T08:03:06,24.45411,54.377553,31.71,36.29,54.97,1008.25,22901.8,39.0,4.007
2026-08-01T08:03:08,24.454114,54.377537,29.51,35.26,51.97,1009.36,22295.1,34.2,4.006
2026-08-01T08:03:10,24.454083,54.377556,28.45,36.7,40.21,1009.91,17905.1,32.9,4.005
2026-08-01T08:03:12,24.454097,54.377544,29.15,36.45,52.49,1006.97,16665.9,26.3,4.004
2026-08-01T08:03:14,24.454107,54.377584,33.6,36.32,47.17,1007.03,20512.2,37.2,4.003
2026-08-01T08:03:16,24.454067,54.377564,32.57,34.46,45.04,1007.54,21481.4,32.1,4.002
2026-08-01T08:03:18,24.454121,54.377588,33.81,37.18,54.83,1007.74,20057.5,32.6,4.001
2026-08-01T08:03:20,24.454121,54.377571,29.49,36.87,52.8,1008.46,15843.7,27.9,4.0
2026-08-01T08:03:22,24.454091,54.377551,34.79,33.08,49.87,1008.05,17649.0,26.3,3.999
2026-08-01T08:03:24,24.45408,54.377562,37.39,37.06,49.1,1006.27,17953.9,30.5,3.998
2026-08-01T08:03:26,24.454084,54.37759,35.78,36.81,35.95,1009.14,20874.8,41.6,3.997
2026-08-01T08:03:28,24.454087,54.377563,37.43,35.36,51.58,1009.27,24390.1,37.4,3.996
2026-08-01T08:03:30,24.454129,54.377582,35.2,32.79,40.46,1009.15,24034.6,37.7,3.995
2026-08-01T08:03:32,24.454134,54.377581,29.93,32.97,44.65,1007.27,20378.5,41.0,3.994
2026-08-01T08:03:34,24.454131,54.377588,35.99,32.62,39.22,1008.74,15957.2,27.4,3.993
2026-08-01T08:03:36,24.454113,54.377618,31.06,33.2,43.14,1008.85,21376.7,38.1,3.992
2026-08-01T08:03:38,24.454099,54.377585,34.27,33.69,51.11,1008.27,24073.1,40.3,3.991
2026-08-01T08:03:40,24.454143,54.377579,32.99,34.1,53.59,1006.99,17860.5,37.5,3.99
2026-08-01T08:03:42,24.45413,54.377606,29.78,33.25,54.99,1008.76,23207.4,41.4,3.989
2026-08-01T08:03:44,24.454119,54.377622,37.77,34.39,35.69,1008.22,18057.4,27.9,3.988
2026-08-01T08:03:46,24.454144,54.377582,29.59,34.53,43.71,1007.64,20198.3,28.9,3.987
2026-08-01T08:03:48,24.454118,54.377626,34.05,33.62,44.9,1006.56,22497.9,34.6,3.986
2026-08-01T08:03:50,24.454151,54.377611,33.5,32.82,37.79,1007.48,17806.7,43.8,3.985
2026-08-01T08:03:52,24.454151,54.377604,37.06,37.33,38.32,1008.57,15138.8,43.7,3.984
2026-08-01T08:03:54,24.454119,54.377623,35.53,37.9,48.44,1008.07,17298.9,26.1,3.983
2026-08-01T08:03:56,24.454141,54.377605,30.11,34.81,54.43,1009.36,22919.5,34.0,3.982
2026-08-01T08:03:58,24.454117,54.377603,30.83,36.37,42.88,1008.67,19163.0,31.2,3.981
2026-08-01T08:04:00,,,32.04,,,,,,3.98
2026-08-01T08:04:02,,,29.58,36.61,52.88,1007.17,18348.8,36.6,3.979
2026-08-01T08:04:04,,,38.21,36.74,44.23,1009.16,24065.3,34.4,3.978
2026-08-01T08:04:06,,,35.66,34.18,38.44,1006.18,19969.4,39.1,3.977
2026-08-01T08:04:08,,,37.2,36.61,48.67,1006.66,18606.7,43.7,3.976
2026-08-01T08:04:10,,,37.4,38.01,35.7,1007.15,22494.5,25.7,3.975
2026-08-01T08:04:12,24.45416,54.377649,36.02,33.51,41.54,1009.43,21671.0,26.3,3.974
2026-08-01T08:04:14,24.45413,54.377629,32.24,37.04,43.29,1006.83,24885.5,41.4,3.973
2026-08-01T08:04:16,24.454144,54.37767,36.55,36.62,51.12,1007.93,20647.4,31.4,3.972
2026-08-01T08:04:18,24.454158,54.377628,31.6,34.31,36.77,1006.83,17852.2,42.5,3.971
2026-08-01T08:04:20,24.454149,54.37763,33.25,35.33,45.79,1009.57,22531.9,41.2,3.97
2026-08-01T08:04:22,24.454151,54.377633,34.96,35.88,49.85,1009.34,24540.7,42.5,3.969
2026-08-01T08:04:24,24.454138,54.377661,32.4,35.9,38.22,1008.02,23262.8,44.8,3.968
2026-08-01T08:04:26,24.454181,54.377649,38.97,38.27,36.47,1006.04,19732.4,39.3,3.967
2026-08-01T08:04:28,24.454156,54.377667,38.04,33.62,46.81,1007.67,23566.9,31.6,3.966
2026-08-01T08:04:30,24.454155,54.377657,29.64,38.6,47.11,1009.45,21262.2,29.7,3.965
2026-08-01T08:04:32,24.4542,54.377692,30.26,37.57,54.5,1006.41,19186.1,39.7,3.964
2026-08-01T08:04:34,24.454173,54.377653,39.36,,,,,,3.963
2026-08-01T08:04:36,24.454195,54.377647,30.0,33.95,53.87,1006.45,15609.3,29.9,3.962
2026-08-01T08:04:38,24.454169,54.377659,30.56,36.12,50.74,1006.08,23068.1,41.5,3.961
2026-08-01T08:04:40,24.454164,54.377662,32.65,33.99,38.97,1007.23,16677.0,37.3,3.96
2026-08-01T08:04:42,24.454161,54.377696,38.6,34.36,51.34,1008.74,15884.2,34.3,3.959
2026-08-01T08:04:44,24.454192,54.377659,33.77,37.01,44.63,1009.62,20576.5,39.0,3.958
2026-08-01T08:04:46,24.454212,54.377652,32.01,36.09,41.39,1009.42,17995.6,36.6,3.957
2026-08-01T08:04:48,24.454163,54.377664,34.05,34.73,48.2,1008.13,16035.1,40.8,3.956
2026-08-01T08:04:50,24.454203,54.377661,30.17,35.88,37.19,1006.57,24784.7,38.6,3.955
2026-08-01T08:04:52,24.454175,54.377676,33.07,34.15,45.15,1008.12,17261.4,28.1,3.954
2026-08-01T08:04:54,24.454197,54.377695,31.91,38.44,44.43,1006.85,16340.3,39.4,3.953
2026-08-01T08:04:56,24.454172,54.377706,30.11,36.41,43.64,1009.95,19548.2,37.6,3.952
2026-08-01T08:04:58,24.45418,54.37768,33.78,38.08,36.71,1009.41,17889.7,42.0,3.951
2026-08-01T08:05:00,24.454185,54.377699,34.21,34.74,41.43,1009.95,21564.4,32.1,3.95
2026-08-01T08:05:02,24.454225,54.377687,32.88,35.63,49.76,1008.27,21000.1,25.2,3.949
2026-08-01T08:05:04,24.454227,54.377708,35.23,38.71,48.67,1009.86,15973.1,25.9,3.948
2026-08-01T08:05:06,24.45419,54.377731,34.37,34.12,44.52,1007.42,22550.0,43.1,3.947
2026-08-01T08:05:08,24.454196,54.377697,31.86,33.31,54.42,1008.99,22722.4,25.5,3.946
2026-08-01T08:05:10,24.454183,54.37773,33.95,35.43,43.16,1009.82,18430.4,35.7,3.945
2026-08-01T08:05:12,24.454214,54.377745,35.23,36.32,54.57,1007.32,15523.4,35.0,3.944
2026-08-01T08:05:14,24.454214,54.377702,33.32,38.76,51.88,1009.63,24803.3,45.0,3.943
2026-08-01T08:05:16,24.454238,54.377697,38.0,37.92,35.93,1008.95,20396.6,40.7,3.942
2026-08-01T08:05:18,24.454211,54.377733,38.78,39.05,36.48,1008.36,23515.5,28.5,3.941
2026-08-01T08:05:20,24.45421,54.377724,38.73,34.53,45.84,1008.82,24645.7,27.4,3.94
2026-08-01T08:05:22,24.454242,54.377757,39.26,33.23,35.21,1006.67,18006.7,33.6,3.939
2026-08-01T08:05:24,24.454218,54.377759,33.01,35.55,36.79,1007.81,24950.7,35.1,3.938
2026-08-01T08:05:26,24.454221,54.37775,32.9,36.26,54.98,1007.72,19933.3,34.6,3.937
2026-08-01T08:05:28,24.454252,54.377708,31.38,35.35,35.53,1009.37,19841.0,44.7,3.936
2026-08-01T08:05:30,24.454243,54.377744,38.74,38.27,39.25,1006.93,17558.4,36.6,3.935
2026-08-01T08:05:32,24.454258,54.37775,32.44,37.21,48.04,1008.58,17024.6,35.1,3.934
2026-08-01T08:05:34,24.454249,54.377752,39.46,34.78,43.18,1007.43,22268.4,29.6,3.933
2026-08-01T08:05:36,24.454221,54.37775,30.71,33.51,53.79,1007.47,17412.6,27.0,3.932
2026-08-01T08:05:38,24.454223,54.377744,39.3,36.96,52.53,1006.46,21929.4,35.5,3.931
2026-08-01T08:05:40,24.454267,54.377772,34.6,35.67,43.39,1007.49,22322.7,25.7,3.93
2026-08-01T08:05:42,24.454246,54.377727,34.12,38.23,53.18,1009.3,16978.4,33.0,3.929
2026-08-01T08:05:44,24.454233,54.377785,30.78,,,,,,3.928
2026-08-01T08:05:46,24.454229,54.377775,38.49,33.75,36.56,1009.0,18885.5,25.8,3.927
2026-08-01T08:05:48,24.454263,54.377766,34.33,34.89,52.19,1008.59,24787.5,37.0,3.926
2026-08-01T08:05:50,24.454236,54.37774,36.34,35.27,52.58,1006.45,15797.8,25.7,3.925
2026-08-01T08:05:52,24.454264,54.377744,40.71,36.55,35.24,1008.84,17655.1,32.8,3.924
2026-08-01T08:05:54,24.454279,54.377761,34.52,37.03,36.47,1008.14,15249.5,29.3,3.923
2026-08-01T08:05:56,24.454255,54.37776,38.4,33.74,52.28,1006.37,21137.2,30.3,3.922
2026-08-01T08:05:58,24.454232,54.377778,35.82,34.16,51.16,1009.51,24807.6,40.3,3.921
2026-08-01T08:06:00,24.454237,54.377785,34.22,145.0,43.09,1009.99,15135.3,32.9,3.92
2026-08-01T08:06:02,24.454278,54.377802,39.18,35.83,42.04,1007.16,23998.4,32.3,3.919
2026-08-01T08:06:04,24.45428,54.377756,36.19,34.41,42.26,1008.59,22273.0,41.1,3.918
2026-08-01T08:06:06,24.454253,54.37776,32.13,38.81,51.77,1009.52,20548.7,31.6,3.917
2026-08-01T08:06:08,24.454278,54.377797,32.98,34.13,54.81,1008.93,21941.5,29.2,3.916
2026-08-01T08:06:10,24.454241,54.37778,31.74,39.19,42.09,1006.15,15298.1,26.5,3.915
2026-08-01T08:06:12,24.45429,54.377814,34.82,33.53,46.28,1007.76,17975.4,37.4,3.914
2026-08-01T08:06:14,24.454255,54.377801,35.04,33.6,54.53,1009.0,20368.6,35.5,3.913
2026-08-01T08:06:16,24.454264,54.377816,33.02,34.63,42.9,1007.81,20977.5,43.1,3.912
2026-08-01T08:06:18,24.454251,54.377779,34.37,37.02,51.09,1008.7,15926.3,42.6,3.911
2026-08-01T08:06:20,24.454286,54.377785,32.36,36.09,46.67,1007.05,17248.3,30.2,3.91
2026-08-01T08:06:22,24.454279,54.377837,41.0,34.82,39.17,1007.48,22059.6,34.0,3.909
2026-08-01T08:06:24,24.45429,54.377819,34.12,36.92,44.26,1009.02,22648.1,44.2,3.908
2026-08-01T08:06:26,24.454263,54.377798,41.02,35.41,51.22,1006.34,17562.7,41.4,3.907
2026-08-01T08:06:28,24.454308,54.377805,39.98,35.79,37.82,1006.3,22416.8,39.0,3.906
2026-08-01T08:06:30,24.45426,54.377791,33.9,34.45,41.3,1009.06,16309.7,41.5,3.905
2026-08-01T08:06:32,24.454275,54.377845,31.9,33.8,35.99,1006.84,23785.7,27.8,3.904
2026-08-01T08:06:34,24.454324,54.377834,40.02,38.98,48.63,1009.97,21870.1,35.2,3.903
2026-08-01T08:06:36,24.45428,54.377846,40.96,37.19,44.85,1006.17,19343.9,44.9,3.902
2026-08-01T08:06:38,24.454316,54.377806,36.73,37.58,48.86,1009.43,20735.6,30.5,3.901
2026-08-01T08:06:40,24.454275,54.37784,35.77,33.84,35.9,1008.7,24758.9,35.0,3.9
2026-08-01T08:06:42,24.454296,54.377827,32.79,39.32,50.92,1007.32,19371.6,35.0,3.899
2026-08-01T08:06:44,24.454289,54.377862,41.54,34.99,38.74,1006.07,24677.3,35.0,3.898
2026-08-01T08:06:46,24.454303,54.377815,33.63,35.92,49.58,1009.02,15681.1,35.0,3.897
2026-08-01T08:06:48,24.454301,54.377844,36.87,34.1,41.17,1007.05,21680.7,35.0,3.896
2026-08-01T08:06:50,24.45432,54.37786,36.72,37.48,54.35,1009.57,20256.4,35.0,3.895
2026-08-01T08:06:52,24.454303,54.377822,32.59,36.06,41.2,1009.55,15847.6,35.0,3.894
2026-08-01T08:06:54,24.454298,54.377853,39.5,37.75,44.87,1008.17,15743.1,35.0,3.893
2026-08-01T08:06:56,24.454303,54.377855,40.84,37.2,46.2,1008.07,24861.4,35.0,3.892
2026-08-01T08:06:58,24.454298,54.377849,32.44,34.7,39.21,1008.21,16729.6,35.0,3.891
2026-08-01T08:07:00,24.454313,54.377871,37.35,35.94,47.09,1006.76,17911.3,35.0,3.89
2026-08-01T08:07:02,24.45431,54.377892,41.57,,,,,35.0,3.889
2026-08-01T08:07:04,24.454345,54.377885,35.93,37.62,40.78,1006.09,24622.2,35.0,3.888
2026-08-01T08:07:06,24.454349,54.377847,36.73,34.96,52.09,1006.97,21680.1,35.0,3.887
2026-08-01T08:07:08,24.454323,54.377863,41.34,39.57,43.33,1009.27,23306.6,35.0,3.886
2026-08-01T08:07:10,24.454301,54.3779,36.18,39.44,47.35,1009.49,21387.5,29.7,3.885
2026-08-01T08:07:12,24.454323,54.377852,32.74,39.79,38.41,1008.21,16714.5,35.1,3.884
2026-08-01T08:07:14,24.454356,54.377905,37.7,38.37,51.29,1009.36,15857.6,42.1,3.883
2026-08-01T08:07:16,24.454309,54.377907,38.38,37.74,52.0,1009.06,17937.7,38.1,3.882
2026-08-01T08:07:18,24.454366,54.37787,41.33,37.06,38.64,1008.99,21686.5,36.2,3.881
2026-08-01T08:07:20,24.454349,54.377893,34.56,34.74,49.1,1009.05,16824.8,26.0,3.88
2026-08-01T08:07:22,24.454313,54.377875,33.81,37.04,51.58,1006.65,19976.0,30.5,3.879
2026-08-01T08:07:24,24.454359,54.377887,32.43,34.09,46.17,1008.81,15931.4,25.7,3.878
2026-08-01T08:07:26,24.454364,54.377881,35.44,39.3,44.18,1009.49,20926.8,32.3,3.877
2026-08-01T08:07:28,24.454378,54.377893,32.57,37.05,42.88,1007.03,16200.9,40.5,3.876
2026-08-01T08:07:30,24.454368,54.377928,39.35,38.01,48.01,1006.88,15562.9,40.0,3.875
2026-08-01T08:07:32,24.454361,54.377876,33.54,36.47,36.96,1009.51,16738.3,32.0,3.874
2026-08-01T08:07:34,24.454367,54.377911,35.96,36.11,37.28,1009.39,18469.9,31.4,3.873
2026-08-01T08:07:36,24.454355,54.377927,36.29,37.95,46.09,1009.57,17918.1,30.0,3.872
2026-08-01T08:07:38,24.454331,54.377933,42.52,36.2,40.61,1006.78,23632.3,25.9,3.871
2026-08-01T08:07:40,24.454387,54.377895,39.81,39.76,51.56,1008.27,22834.0,33.3,3.87
2026-08-01T08:07:42,24.454385,54.377902,36.83,35.0,47.6,1009.58,16229.2,43.1,3.869
2026-08-01T08:07:44,24.454357,54.377891,36.73,38.26,52.24,1009.61,21580.1,30.4,3.868
2026-08-01T08:07:46,24.454338,54.377898,34.35,38.11,38.57,1007.19,21794.7,44.5,3.867
2026-08-01T08:07:48,24.454351,54.377939,37.67,38.64,36.35,1007.66,15320.1,33.9,3.866
2026-08-01T08:07:50,24.454389,54.377901,39.66,35.67,47.66,1008.94,22518.2,43.1,3.865
2026-08-01T08:07:52,24.454354,54.377955,35.61,34.16,40.76,1007.56,16247.7,42.4,3.864
2026-08-01T08:07:54,24.454377,54.377903,40.84,35.13,47.56,1007.54,20601.7,34.6,3.863
2026-08-01T08:07:56,24.454363,54.377939,40.15,39.36,49.69,1006.81,18177.9,25.5,3.862
2026-08-01T08:07:58,24.454395,54.377926,38.06,34.25,40.45,1008.13,24103.0,36.3,3.861
2026-08-01T08:08:00,24.454358,54.377939,40.55,38.02,36.86,1008.37,17463.4,26.9,3.86
2026-08-01T08:08:02,24.454355,54.377913,38.87,36.61,45.85,1007.1,19014.8,28.4,3.859
2026-08-01T08:08:04,24.454412,54.377944,35.53,39.41,39.13,1007.39,21554.9,37.3,3.858
2026-08-01T08:08:06,24.454377,54.377946,37.76,39.71,52.56,1009.23,18623.2,32.6,3.857
2026-08-01T08:08:08,24.454391,54.377977,35.37,39.87,35.65,1008.09,21026.6,43.1,3.856
2026-08-01T08:08:10,24.454372,54.37795,41.53,38.67,50.45,1008.35,18737.0,31.0,3.855
2026-08-01T08:08:12,24.454363,54.377983,41.69,35.43,37.94,1009.76,23448.5,32.5,3.854
2026-08-01T08:08:14,24.454392,54.377957,36.24,39.3,43.25,1007.88,22775.2,43.3,3.853
2026-08-01T08:08:16,24.454411,54.377948,37.03,39.4,38.41,1009.3,24936.8,27.6,3.852
2026-08-01T08:08:18,24.454424,54.377961,39.44,40.31,35.06,1009.32,20651.2,27.8,3.851
2026-08-01T08:08:20,24.454413,54.377984,36.63,40.0,36.31,1007.66,23995.1,34.0,3.85
2026-08-01T08:08:22,24.454402,54.377977,39.27,34.42,50.75,1009.46,22288.3,30.5,3.849
2026-08-01T08:08:24,24.454423,54.377998,37.82,40.25,46.2,1006.81,16512.7,28.3,3.848
2026-08-01T08:08:26,24.454429,54.377969,38.07,35.51,44.52,1007.64,24773.3,28.4,3.847
2026-08-01T08:08:28,24.454378,54.377992,42.25,36.31,50.2,1007.42,15909.3,26.6,3.846
2026-08-01T08:08:30,24.454422,54.377995,40.99,38.49,46.51,1006.41,24922.3,37.5,3.845
2026-08-01T08:08:32,24.454383,54.377962,41.3,38.04,53.77,1009.43,18023.9,26.9,3.844
2026-08-01T08:08:34,24.454399,54.377981,37.65,37.91,36.43,1007.83,18486.1,36.4,3.843
2026-08-01T08:08:36,24.454421,54.378007,39.04,40.42,48.77,1006.45,18274.5,26.8,3.842
2026-08-01T08:08:38,24.454431,54.377961,40.64,36.46,46.31,1009.45,15757.4,42.0,3.841
2026-08-01T08:08:40,24.454418,54.377966,39.23,37.58,46.25,1006.32,15477.1,44.4,3.84
2026-08-01T08:08:42,24.454432,54.378011,33.89,34.7,54.8,1007.14,20438.5,40.8,3.839
2026-08-01T08:08:44,24.454431,54.378017,36.19,38.92,48.44,1009.34,21044.7,38.7,3.838
2026-08-01T08:08:46,24.454443,54.377996,40.15,36.02,53.48,1008.14,19325.7,39.5,3.837
2026-08-01T08:08:48,24.454425,54.378023,34.44,36.98,35.25,1009.38,21162.2,34.7,3.836
2026-08-01T08:08:50,24.454452,54.378033,39.83,38.48,44.93,1009.21,18252.3,27.2,3.835
2026-08-01T08:08:52,24.454455,54.37801,42.75,38.65,36.07,1006.73,16623.5,42.2,3.834
2026-08-01T08:08:54,24.454442,54.378029,42.45,35.09,49.02,1009.47,19800.3,41.3,3.833
2026-08-01T08:08:56,24.454428,54.378038,34.58,38.67,35.2,1008.35,18214.6,42.9,3.832
2026-08-01T08:08:58,24.454447,54.378009,34.19,38.68,40.24,1009.34,22580.4,30.6,3.831
2026-08-01T08:09:00,24.454468,54.378035,36.36,40.36,35.44,1006.75,17657.4,29.3,3.83
2026-08-01T08:09:02,24.454442,54.37804,43.33,34.81,51.41,1007.43,15234.7,27.2,3.829
2026-08-01T08:09:04,24.454458,54.377997,39.02,37.1,50.33,1006.88,17673.8,26.6,3.828
2026-08-01T08:09:06,24.454455,54.378034,39.27,37.7,48.68,1006.35,15454.8,44.5,3.827
2026-08-01T08:09:08,24.454463,54.378036,34.26,37.54,40.3,1009.57,16630.3,29.7,3.826
2026-08-01T08:09:10,24.454442,54.378004,38.26,34.9,36.97,1006.6,19894.4,39.4,3.825
2026-08-01T08:09:12,24.454442,54.378012,42.18,38.15,46.19,1008.71,18623.7,39.7,3.824
2026-08-01T08:09:14,24.454424,54.378041,35.89,40.55,53.6,1007.85,22273.5,37.9,3.823
2026-08-01T08:09:16,24.454428,54.378036,44.02,36.82,45.97,1009.22,20902.2,41.2,3.822
2026-08-01T08:09:18,24.45448,54.378026,39.92,38.4,43.85,1008.51,22053.3,38.0,3.821
2026-08-01T08:09:20,24.454448,54.378073,41.38,37.11,36.73,1007.64,17458.8,31.0,3.82
2026-08-01T08:09:22,24.454434,54.378021,35.33,35.58,37.7,1006.71,18113.9,31.4,3.819
2026-08-01T08:09:24,24.454487,54.378062,40.75,37.18,42.06,1007.09,21691.0,30.8,3.818
2026-08-01T08:09:26,24.454484,54.378027,34.73,36.56,54.21,1007.6,17620.0,31.2,3.817
2026-08-01T08:09:28,24.454452,54.378066,35.32,36.14,40.63,1007.43,24891.1,26.9,3.816
2026-08-01T08:09:30,24.454488,54.378047,41.83,35.94,48.63,1009.71,22689.8,43.6,3.815
2026-08-01T08:09:32,24.454451,54.378087,37.93,35.91,37.95,1008.02,22514.9,43.6,3.814
2026-08-01T08:09:34,24.454477,54.378067,40.62,40.25,51.03,1006.65,16705.3,33.0,3.813
2026-08-01T08:09:36,24.454447,54.378042,39.41,37.72,46.81,1007.84,24157.6,34.1,3.812
2026-08-01T08:09:38,24.454492,54.378097,35.04,35.97,49.57,1007.63,23647.9,44.3,3.811
2026-08-01T08:09:40,24.454505,54.378046,41.04,36.06,41.5,1007.37,24104.1,34.1,3.81
2026-08-01T08:09:42,24.454463,54.378092,40.2,34.92,52.63,1007.74,22736.3,34.4,3.809
2026-08-01T08:09:44,24.454472,54.378052,35.96,37.71,48.99,1006.72,23147.9,29.4,3.808
2026-08-01T08:09:46,24.454506,54.378105,38.85,35.74,52.56,1006.39,16434.3,33.4,3.807
2026-08-01T08:09:48,24.454507,54.37808,37.78,40.67,50.41,1006.8,19122.9,41.3,3.806
2026-08-01T08:09:50,24.454502,54.378062,36.4,40.54,54.49,1009.79,17839.9,43.4,3.805
2026-08-01T08:09:52,24.454502,54.378096,41.8,35.52,40.48,1007.07,24259.7,34.3,3.804
2026-08-01T08:09:54,24.454464,54.378067,40.29,39.79,45.82,1008.66,20636.5,30.0,3.803
2026-08-01T08:09:56,24.454524,54.37808,39.98,39.15,47.85,1006.25,21404.7,35.1,3.802
2026-08-01T08:09:58,24.454523,54.378082,41.23,35.53,53.88,1008.96,19971.7,37.0,3.801
